{
  "run_id": "0eaf95f8e6404cb8acb5bf3d74bbb7de",
  "training_metrics": {
    "val_ev_macro_f1": 0.09523809523809523,
    "val_ev_accuracy": 0.16666666666666666,
    "val_cri_macro_f1": 0.0,
    "val_cri_accuracy": 0.0,
    "val_macro_f1_mean": 0.047619047619047616
  },
  "test_metrics": {
    "test_ev_macro_f1": 0.3333333333333333,
    "test_ev_accuracy": 0.42857142857142855,
    "test_cri_macro_f1": 0.15,
    "test_cri_accuracy": 0.42857142857142855,
    "test_macro_f1_mean": 0.24166666666666664
  }
}