{
  "run_id": "77811e7d74164bfe808b9fdea7e335c2",
  "training_metrics": {
    "val_ev_macro_f1": 0.4444444444444444,
    "val_ev_accuracy": 0.3333333333333333,
    "val_cri_macro_f1": 0.16666666666666666,
    "val_cri_accuracy": 0.5,
    "val_macro_f1_mean": 0.3055555555555555
  },
  "test_metrics": {
    "test_ev_macro_f1": 0.14814814814814814,
    "test_ev_accuracy": 0.2857142857142857,
    "test_cri_macro_f1": 0.0,
    "test_cri_accuracy": 0.0,
    "test_macro_f1_mean": 0.07407407407407407
  }
}