{
  "batch_size": 4,
  "epochs": 1,
  "evidence_dropout": 0.18324426408004219,
  "evidence_head_type": "start_end_linear",
  "learning_rate": 4.763628595029452e-05,
  "model_id": "prajjwal1/bert-tiny",
  "momentum": 0.04246782213565523,
  "nesterov": false,
  "optimizer": "sgd",
  "weight_decay": 0.00020584494295802447
}