{
  "run_id": "60bc932b890745348a3f2a313b438117",
  "training_metrics": {
    "val_ev_macro_f1": 0.09523809523809523,
    "val_ev_accuracy": 0.16666666666666666,
    "val_cri_macro_f1": 0.0,
    "val_cri_accuracy": 0.0,
    "val_macro_f1_mean": 0.047619047619047616
  },
  "test_metrics": {
    "test_ev_macro_f1": 0.19999999999999998,
    "test_ev_accuracy": 0.42857142857142855,
    "test_cri_macro_f1": 0.15,
    "test_cri_accuracy": 0.42857142857142855,
    "test_macro_f1_mean": 0.175
  }
}