{
  "run_id": "5c42b1da08224c459bbecf40bf5a0abc",
  "training_metrics": {
    "val_ev_macro_f1": 0.35555555555555557,
    "val_ev_accuracy": 0.5,
    "val_cri_macro_f1": 0.07142857142857142,
    "val_cri_accuracy": 0.16666666666666666,
    "val_macro_f1_mean": 0.2134920634920635
  },
  "test_metrics": {
    "test_ev_macro_f1": 0.14814814814814814,
    "test_ev_accuracy": 0.2857142857142857,
    "test_cri_macro_f1": 0.07142857142857142,
    "test_cri_accuracy": 0.14285714285714285,
    "test_macro_f1_mean": 0.10978835978835978
  }
}