{
  "run_id": "5c611a666dd5489397db29360b10abe0",
  "training_metrics": {
    "val_ev_macro_f1": 0.26666666666666666,
    "val_ev_accuracy": 0.6666666666666666,
    "val_cri_macro_f1": 0.07142857142857142,
    "val_cri_accuracy": 0.16666666666666666,
    "val_macro_f1_mean": 0.16904761904761906
  },
  "test_metrics": {
    "test_ev_macro_f1": 0.14814814814814814,
    "test_ev_accuracy": 0.2857142857142857,
    "test_cri_macro_f1": 0.1111111111111111,
    "test_cri_accuracy": 0.2857142857142857,
    "test_macro_f1_mean": 0.12962962962962962
  }
}