{
  "run_id": "cd9362eb299b4eba8982a3ae02404714",
  "training_metrics": {
    "val_ev_macro_f1": 0.35555555555555557,
    "val_ev_accuracy": 0.3333333333333333,
    "val_cri_macro_f1": 0.07142857142857142,
    "val_cri_accuracy": 0.16666666666666666,
    "val_macro_f1_mean": 0.2134920634920635
  },
  "test_metrics": {
    "test_ev_macro_f1": 0.45714285714285713,
    "test_ev_accuracy": 0.5714285714285714,
    "test_cri_macro_f1": 0.0,
    "test_cri_accuracy": 0.0,
    "test_macro_f1_mean": 0.22857142857142856
  }
}