{
  "val_start_accuracy": 0.9982201881515382,
  "val_start_precision": 0.75,
  "val_start_recall": 0.8140703517587939,
  "val_start_f1": 0.7807228915662651,
  "val_end_accuracy": 0.9984157718711495,
  "val_end_precision": 0.795,
  "val_end_recall": 0.7989949748743719,
  "val_end_f1": 0.7969924812030075,
  "val_span_precision": 0.0,
  "val_span_recall": 0.0,
  "val_span_f1": 0,
  "val_exact_matches": 0,
  "val_partial_matches": 0,
  "val_total_predictions": 190,
  "val_total_ground_truth": 235,
  "test_start_accuracy": 0.9986012077377094,
  "test_start_precision": 0.7657657657657657,
  "test_start_recall": 0.85,
  "test_start_f1": 0.8056872037914692,
  "test_end_accuracy": 0.9985841492954863,
  "test_end_precision": 0.772093023255814,
  "test_end_recall": 0.83,
  "test_end_f1": 0.8,
  "test_span_precision": 0.0,
  "test_span_recall": 0.0,
  "test_span_f1": 0,
  "test_exact_matches": 0,
  "test_partial_matches": 0,
  "test_total_predictions": 190,
  "test_total_ground_truth": 237
}