{
  "run_id": "de1d018a6c2748a69be8934dd4d54e60",
  "training_metrics": {
    "val_ev_macro_f1": 0.4523809523809524,
    "val_ev_accuracy": 0.6666666666666666,
    "val_cri_macro_f1": 0.07142857142857142,
    "val_cri_accuracy": 0.16666666666666666,
    "val_macro_f1_mean": 0.2619047619047619
  },
  "test_metrics": {
    "test_ev_macro_f1": 0.45714285714285713,
    "test_ev_accuracy": 0.5714285714285714,
    "test_cri_macro_f1": 0.1111111111111111,
    "test_cri_accuracy": 0.2857142857142857,
    "test_macro_f1_mean": 0.2841269841269841
  }
}