{
  "run_id": "e08666f819d9481daa5ff9fd7bfbe26c",
  "training_metrics": {
    "val_ev_macro_f1": 0.35555555555555557,
    "val_ev_accuracy": 0.5,
    "val_cri_macro_f1": 0.07142857142857142,
    "val_cri_accuracy": 0.16666666666666666,
    "val_macro_f1_mean": 0.2134920634920635
  },
  "test_metrics": {
    "test_ev_macro_f1": 0.19999999999999998,
    "test_ev_accuracy": 0.42857142857142855,
    "test_cri_macro_f1": 0.0625,
    "test_cri_accuracy": 0.14285714285714285,
    "test_macro_f1_mean": 0.13124999999999998
  }
}