{
  "run_id": "37519864751545958213d7a9516473e1",
  "training_metrics": {
    "val_ev_macro_f1": 0.6296296296296297,
    "val_ev_accuracy": 0.8333333333333334,
    "val_cri_macro_f1": 0.07142857142857142,
    "val_cri_accuracy": 0.16666666666666666,
    "val_macro_f1_mean": 0.3505291005291005
  },
  "test_metrics": {
    "test_ev_macro_f1": 0.19999999999999998,
    "test_ev_accuracy": 0.42857142857142855,
    "test_cri_macro_f1": 0.0,
    "test_cri_accuracy": 0.0,
    "test_macro_f1_mean": 0.09999999999999999
  }
}