{
  "run_id": "f9d3aa6af28d44b7adf8d6bc1e3dfe96",
  "training_metrics": {
    "val_ev_macro_f1": 0.26666666666666666,
    "val_ev_accuracy": 0.6666666666666666,
    "val_cri_macro_f1": 0.0,
    "val_cri_accuracy": 0.0,
    "val_macro_f1_mean": 0.13333333333333333
  },
  "test_metrics": {
    "test_ev_macro_f1": 0.19999999999999998,
    "test_ev_accuracy": 0.42857142857142855,
    "test_cri_macro_f1": 0.15,
    "test_cri_accuracy": 0.42857142857142855,
    "test_macro_f1_mean": 0.175
  }
}