{
  "run_id": "49058aeb1aa64c2d990324a097477045",
  "training_metrics": {
    "val_ev_macro_f1": 0.4444444444444444,
    "val_ev_accuracy": 0.3333333333333333,
    "val_cri_macro_f1": 0.07142857142857142,
    "val_cri_accuracy": 0.16666666666666666,
    "val_macro_f1_mean": 0.2579365079365079
  },
  "test_metrics": {
    "test_ev_macro_f1": 0.3333333333333333,
    "test_ev_accuracy": 0.42857142857142855,
    "test_cri_macro_f1": 0.1111111111111111,
    "test_cri_accuracy": 0.2857142857142857,
    "test_macro_f1_mean": 0.2222222222222222
  }
}