{
  "run_id": "d5a439dac6034959832db05ed7ee23fc",
  "training_metrics": {
    "val_ev_macro_f1": 0.26666666666666666,
    "val_ev_accuracy": 0.6666666666666666,
    "val_cri_macro_f1": 0.07142857142857142,
    "val_cri_accuracy": 0.16666666666666666,
    "val_macro_f1_mean": 0.16904761904761906
  },
  "test_metrics": {
    "test_ev_macro_f1": 0.2619047619047619,
    "test_ev_accuracy": 0.2857142857142857,
    "test_cri_macro_f1": 0.1,
    "test_cri_accuracy": 0.14285714285714285,
    "test_macro_f1_mean": 0.18095238095238098
  }
}