{
  "run_id": "05b6e0dd652e4e1da32b955f23f43cfa",
  "training_metrics": {
    "val_ev_macro_f1": 0.26666666666666666,
    "val_ev_accuracy": 0.6666666666666666,
    "val_cri_macro_f1": 0.07142857142857142,
    "val_cri_accuracy": 0.16666666666666666,
    "val_macro_f1_mean": 0.16904761904761906
  },
  "test_metrics": {
    "test_ev_macro_f1": 0.19999999999999998,
    "test_ev_accuracy": 0.42857142857142855,
    "test_cri_macro_f1": 0.0,
    "test_cri_accuracy": 0.0,
    "test_macro_f1_mean": 0.09999999999999999
  }
}