{
  "run_id": "9813c9f556254b43b4b67949328aef74",
  "training_metrics": {
    "val_ev_macro_f1": 0.35555555555555557,
    "val_ev_accuracy": 0.5,
    "val_cri_macro_f1": 0.0,
    "val_cri_accuracy": 0.0,
    "val_macro_f1_mean": 0.17777777777777778
  },
  "test_metrics": {
    "test_ev_macro_f1": 0.16666666666666666,
    "test_ev_accuracy": 0.2857142857142857,
    "test_cri_macro_f1": 0.0625,
    "test_cri_accuracy": 0.14285714285714285,
    "test_macro_f1_mean": 0.11458333333333333
  }
}