{
  "run_id": "57264fdb15094abb9d76d3e3ed1a9cfe",
  "training_metrics": {
    "val_ev_macro_f1": 0.26666666666666666,
    "val_ev_accuracy": 0.6666666666666666,
    "val_cri_macro_f1": 0.07142857142857142,
    "val_cri_accuracy": 0.16666666666666666,
    "val_macro_f1_mean": 0.16904761904761906
  },
  "test_metrics": {
    "test_ev_macro_f1": 0.14814814814814814,
    "test_ev_accuracy": 0.2857142857142857,
    "test_cri_macro_f1": 0.05714285714285714,
    "test_cri_accuracy": 0.14285714285714285,
    "test_macro_f1_mean": 0.10264550264550264
  }
}