{
  "run_id": "2449e0ebc9144588899ff79889cd406f",
  "training_metrics": {
    "val_ev_macro_f1": 0.26666666666666666,
    "val_ev_accuracy": 0.6666666666666666,
    "val_cri_macro_f1": 0.0,
    "val_cri_accuracy": 0.0,
    "val_macro_f1_mean": 0.13333333333333333
  },
  "test_metrics": {
    "test_ev_macro_f1": 0.14814814814814814,
    "test_ev_accuracy": 0.2857142857142857,
    "test_cri_macro_f1": 0.07142857142857142,
    "test_cri_accuracy": 0.14285714285714285,
    "test_macro_f1_mean": 0.10978835978835978
  }
}